id,first_name,last_name,email,gender,ip_address
1,Gunner,Blurton,gblurton0@hubpages.com,Male,249.168.16.115
2,Tailor,Chuck,tchuck1@eventbrite.com,Male,112.56.32.155
3,Stevena,Cortese,scortese2@phpbb.com,Female,104.201.51.61
4,Hewett,Knudsen,hknudsen3@vimeo.com,Male,163.82.138.133
5,Ado,Lofty,alofty4@noaa.gov,Male,95.14.174.147
6,Edgar,Kristoffersson,ekristoffersson5@ca.gov,Male,57.155.179.232
7,Michele,McCaskill,mmccaskill6@twitpic.com,Female,147.7.56.206
8,Bartolomeo,Matiewe,bmatiewe7@drupal.org,Male,235.143.198.182
9,Ronnica,Goldston,rgoldston8@hibu.com,Female,126.213.11.252
10,Gustie,Nother,gnother9@addthis.com,Female,190.88.35.63
11,Andros,Spilsbury,aspilsburya@soundcloud.com,Male,109.96.126.67
12,Beniamino,Lovstrom,blovstromb@archive.org,Male,161.60.147.119
13,Faunie,Gingold,fgingoldc@seesaa.net,Female,231.136.197.92
14,Susy,Clubley,sclubleyd@adobe.com,Female,152.235.249.92
15,Dwain,Beals,dbealse@edublogs.org,Male,16.100.21.111
16,Noella,Southan,nsouthanf@flickr.com,Female,135.7.60.96
17,Shane,Dagless,sdaglessg@trellian.com,Male,199.223.11.238
18,Vally,Saintsbury,vsaintsburyh@flavors.me,Female,228.182.245.50
19,Kordula,Fiddy,kfiddyi@latimes.com,Female,62.160.108.202
20,Lothaire,Alkins,lalkinsj@comsenz.com,Male,74.122.224.29
21,Mackenzie,Deinert,mdeinertk@people.com.cn,Male,2.62.183.146
22,Chaddy,Petersen,cpetersenl@stumbleupon.com,Male,250.163.87.205
23,Frazier,Gawen,fgawenm@slate.com,Male,16.189.175.254
24,Shaw,Dotterill,sdotterilln@github.io,Male,141.135.13.6
25,Tandie,McCracken,tmccrackeno@delicious.com,Female,128.157.135.224
26,Gertrude,Clemencon,gclemenconp@angelfire.com,Female,139.50.240.78
27,Daphna,Wytchard,dwytchardq@yahoo.com,Female,182.102.170.90
28,Ivette,Pierce,ipiercer@paginegialle.it,Female,211.89.172.196
29,Erminie,Gaitone,egaitones@nsw.gov.au,Female,173.67.0.46
30,Buiron,Dennant,bdennantt@bbc.co.uk,Male,129.13.132.71
31,Percy,Daouze,pdaouzeu@berkeley.edu,Male,17.230.245.199
32,Vivie,Kliment,vklimentv@prweb.com,Female,109.119.118.156
33,Alexandros,Wethey,awetheyw@tumblr.com,Male,163.86.5.152
34,Daniel,Thurston,dthurstonx@sciencedirect.com,Male,83.41.242.228
35,Amie,Blockwell,ablockwelly@dagondesign.com,Female,190.71.184.140
36,Xylina,Bordone,xbordonez@vimeo.com,Female,99.26.156.221
37,Ario,Lamyman,alamyman10@google.co.uk,Male,142.190.225.246
38,Micheil,Brantl,mbrantl11@ed.gov,Male,111.3.171.138
39,Wang,Redington,wredington12@multiply.com,Male,230.8.207.227
40,Jaclyn,McLennan,jmclennan13@hao123.com,Female,37.188.223.111
41,Kalvin,Graber,kgraber14@craigslist.org,Male,221.248.86.183
42,Lishe,Swindley,lswindley15@ihg.com,Female,21.129.90.240
43,Stavro,Brampton,sbrampton16@hugedomains.com,Male,223.145.132.82
44,Vivi,McKaile,vmckaile17@walmart.com,Female,119.77.228.138
45,Sean,Petranek,spetranek18@drupal.org,Female,141.74.244.142
46,Reta,Kelsall,rkelsall19@bravesites.com,Female,101.64.239.214
47,Freida,Josham,fjosham1a@shareasale.com,Female,31.46.64.154
48,Murdock,Duprey,mduprey1b@japanpost.jp,Male,247.111.250.126
49,Darius,Gidden,dgidden1c@google.com,Male,195.64.84.227
50,Eugene,Esherwood,eesherwood1d@edublogs.org,Male,106.122.148.70
51,Virgie,Brunning,vbrunning1e@auda.org.au,Male,102.58.55.250
52,Steffane,Girod,sgirod1f@hugedomains.com,Female,85.214.178.24
53,Thibaut,Benditt,tbenditt1g@constantcontact.com,Male,39.146.85.242
54,Marni,Cuberley,mcuberley1h@smh.com.au,Female,48.177.89.233
55,Jens,Dresse,jdresse1i@hhs.gov,Male,26.83.107.109
56,Hestia,Clingan,hclingan1j@people.com.cn,Female,25.221.39.13
57,Leupold,Andrag,landrag1k@elegantthemes.com,Male,31.177.143.204
58,Trevar,Bulloch,tbulloch1l@accuweather.com,Male,93.221.157.73
59,Willetta,Siddens,wsiddens1m@ucoz.ru,Female,184.185.197.45
60,Marysa,Matson,mmatson1n@free.fr,Female,231.252.36.31
61,Maude,Souley,msouley1o@buzzfeed.com,Female,239.203.155.235
62,Shayne,Mount,smount1p@buzzfeed.com,Female,31.101.194.189
63,Orion,Shane,oshane1q@aol.com,Male,249.134.124.135
64,Kiele,Polden,kpolden1r@apple.com,Female,10.66.14.227
65,Barbi,Bewley,bbewley1s@github.io,Female,196.109.253.83
66,Charity,Claringbold,cclaringbold1t@icq.com,Female,54.215.194.105
67,Windham,Loud,wloud1u@java.com,Male,98.14.197.188
68,Nonnah,Eccleston,neccleston1v@geocities.jp,Female,115.211.177.57
69,Berty,Thoumas,bthoumas1w@so-net.ne.jp,Male,234.37.21.20
70,Tirrell,Jakab,tjakab1x@ucoz.com,Male,85.48.198.3
71,Fabian,Paramor,fparamor1y@miitbeian.gov.cn,Male,122.157.12.6
72,Cass,Walhedd,cwalhedd1z@mysql.com,Female,247.142.119.36
73,Cordey,MacGorman,cmacgorman20@admin.ch,Female,86.0.208.124
74,Albrecht,Paradine,aparadine21@illinois.edu,Male,72.45.43.13
75,Becky,Teresa,bteresa22@usgs.gov,Female,205.229.201.70
76,Beverie,Punyer,bpunyer23@chronoengine.com,Female,151.145.47.78
77,D'arcy,Carryer,dcarryer24@nps.gov,Male,158.52.118.88
78,Goober,Margetson,gmargetson25@w3.org,Male,111.133.214.7
79,Lothaire,Brann,lbrann26@dell.com,Male,171.247.104.167
80,Gabie,Andreassen,gandreassen27@jugem.jp,Male,81.245.33.150
81,Idelle,Rollins,irollins28@oracle.com,Female,166.5.184.181
82,Freddy,Hartzog,fhartzog29@salon.com,Female,20.120.189.44
83,Lazar,Mileham,lmileham2a@paypal.com,Male,233.121.118.137
84,Violette,Trimnell,vtrimnell2b@51.la,Female,85.147.156.45
85,Ramonda,McPeck,rmcpeck2c@taobao.com,Female,205.239.65.117
86,Adorne,Vanyushkin,avanyushkin2d@tiny.cc,Female,166.125.198.135
87,Claiborn,Gard,cgard2e@reverbnation.com,Male,134.162.39.226
88,Seamus,Traves,straves2f@facebook.com,Male,249.142.86.219
89,Tanney,Mourgue,tmourgue2g@amazon.de,Male,66.20.92.105
90,Karil,Kidney,kkidney2h@uiuc.edu,Female,66.20.171.115
91,Parker,Ogden,pogden2i@vinaora.com,Male,203.6.140.160
92,Aubine,Reignould,areignould2j@hatena.ne.jp,Female,60.216.67.133
93,Boone,Rennock,brennock2k@ucsd.edu,Male,106.85.228.240
94,Maddie,Lissett,mlissett2l@virginia.edu,Female,124.33.195.157
95,Perrine,Petrichat,ppetrichat2m@mail.ru,Female,248.79.169.199
96,Michele,Salvadori,msalvadori2n@engadget.com,Male,207.76.155.81
97,Alva,Stoltz,astoltz2o@goo.gl,Male,111.90.163.122
98,Tomasine,Ianetti,tianetti2p@cocolog-nifty.com,Female,198.135.197.223
99,Ardella,Goncaves,agoncaves2q@lulu.com,Female,147.3.247.133
100,Danni,Izon,dizon2r@instagram.com,Female,237.26.173.9
101,Tremain,Hollington,thollington2s@samsung.com,Male,195.101.251.71
102,Dex,Simione,dsimione2t@ted.com,Male,224.195.99.159
103,Gay,Lindsley,glindsley2u@about.com,Male,124.62.66.149
104,Dinnie,Tynnan,dtynnan2v@ovh.net,Female,109.215.231.44
105,Abel,Canero,acanero2w@businesswire.com,Male,253.200.44.11
106,Saundra,Rough,srough2x@theatlantic.com,Female,39.144.216.156
107,Peter,Nyles,pnyles2y@vk.com,Male,238.109.125.137
108,Donnie,Newick,dnewick2z@comcast.net,Male,223.12.115.179
109,Gregg,Orriss,gorriss30@cbslocal.com,Male,117.227.18.23
110,Duff,Dufty,ddufty31@home.pl,Male,107.44.127.163
111,Jared,Hurtado,jhurtado32@pen.io,Male,93.100.136.15
112,Nestor,Snar,nsnar33@intel.com,Male,134.236.71.199
113,Lorilyn,Jozef,ljozef34@exblog.jp,Female,7.251.245.27
114,Roddy,Meadows,rmeadows35@netlog.com,Male,86.25.192.55
115,Barrie,Jaquet,bjaquet36@about.com,Male,106.65.154.157
116,Wilmer,Tavner,wtavner37@lycos.com,Male,63.253.64.152
117,Terri-jo,Matushevich,tmatushevich38@facebook.com,Female,245.177.146.54
118,Sylvan,Jeffryes,sjeffryes39@pagesperso-orange.fr,Male,125.230.17.88
119,Mel,Jeune,mjeune3a@hugedomains.com,Female,69.122.146.114
120,Valdemar,Chesney,vchesney3b@g.co,Male,166.41.33.171
121,Roth,Spyby,rspyby3c@newsvine.com,Male,28.157.31.131
122,Wiley,Fetter,wfetter3d@diigo.com,Male,189.92.211.19
123,Chrisy,Phaup,cphaup3e@phoca.cz,Male,19.223.73.62
124,Gabriello,Clemens,gclemens3f@shutterfly.com,Male,215.162.97.151
125,Jeri,Mutton,jmutton3g@about.me,Female,213.240.245.167
126,Eldredge,Pottberry,epottberry3h@networkadvertising.org,Male,89.164.164.35
127,Brittaney,Rhead,brhead3i@youku.com,Female,96.69.37.43
128,Edan,Scantlebury,escantlebury3j@wikipedia.org,Male,136.252.162.210
129,Chadwick,Bucktharp,cbucktharp3k@taobao.com,Male,95.96.210.69
130,Mylo,Gossage,mgossage3l@blogger.com,Male,18.36.250.51
131,Raimund,Kynnd,rkynnd3m@house.gov,Male,97.133.105.15
132,Reinwald,Matusson,rmatusson3n@newsvine.com,Male,70.187.81.183
133,Benjy,Danihelka,bdanihelka3o@acquirethisname.com,Male,39.79.63.191
134,Livy,Heaford,lheaford3p@springer.com,Female,28.23.72.222
135,Benedicta,Tompkinson,btompkinson3q@cisco.com,Female,187.238.161.192
136,Rhett,Brisset,rbrisset3r@360.cn,Male,76.213.224.179
137,Arlin,Casemore,acasemore3s@theguardian.com,Male,225.152.253.249
138,Morris,Yancey,myancey3t@amazon.co.uk,Male,210.97.102.65
139,Alana,Camfield,acamfield3u@gov.uk,Female,188.88.130.1
140,Elenore,Crosdill,ecrosdill3v@simplemachines.org,Female,214.230.164.194
141,Loralee,Grimley,lgrimley3w@gnu.org,Female,74.53.246.244
142,Thedrick,Shoutt,tshoutt3x@jimdo.com,Male,36.108.218.76
143,Issi,Blampied,iblampied3y@cmu.edu,Female,107.238.42.202
144,Fifine,Waterworth,fwaterworth3z@artisteer.com,Female,191.119.206.133
145,Kareem,Moggach,kmoggach40@friendfeed.com,Male,234.8.95.102
146,Carleton,Habert,chabert41@skyrock.com,Male,58.32.232.206
147,Clarence,Orr,corr42@exblog.jp,Male,61.236.68.214
148,Lemuel,Paszak,lpaszak43@aol.com,Male,20.106.254.89
149,Leone,Peacock,lpeacock44@hao123.com,Female,227.114.235.209
150,Dallas,Ruddle,druddle45@is.gd,Male,27.69.228.233
151,Eb,Tixall,etixall46@histats.com,Male,73.180.59.230
152,Hailee,Caws,hcaws47@technorati.com,Female,159.201.159.87
153,Ruthann,Danis,rdanis48@admin.ch,Female,245.134.172.172
154,Waite,Dickerson,wdickerson49@sciencedirect.com,Male,120.100.245.96
155,Alvis,Dearden,adearden4a@jugem.jp,Male,195.106.215.182
156,Gypsy,Lidbetter,glidbetter4b@blogspot.com,Female,22.189.59.3
157,Andy,Hedworth,ahedworth4c@opera.com,Male,78.139.151.30
158,Kinnie,Gourdon,kgourdon4d@free.fr,Male,139.134.239.133
159,Pandora,Birchett,pbirchett4e@quantcast.com,Female,14.223.153.220
160,Oren,Barritt,obarritt4f@de.vu,Male,164.242.176.251
161,Nikoletta,Collumbell,ncollumbell4g@wikipedia.org,Female,253.207.116.222
162,Rena,Glastonbury,rglastonbury4h@cbsnews.com,Female,152.231.106.222
163,Noreen,Josipovic,njosipovic4i@thetimes.co.uk,Female,223.189.187.254
164,Salem,Load,sload4j@vk.com,Male,45.51.84.153
165,Wildon,Shackle,wshackle4k@yahoo.co.jp,Male,177.146.241.157
166,Hall,Shepley,hshepley4l@cnet.com,Male,223.100.245.255
167,Fannie,Hannum,fhannum4m@prweb.com,Female,52.201.182.226
168,Natividad,Aynscombe,naynscombe4n@globo.com,Female,15.205.12.244
169,Allissa,Jezard,ajezard4o@netscape.com,Female,160.181.112.100
170,Nannette,Quogan,nquogan4p@hp.com,Female,50.186.244.133
171,Emmy,Aksell,eaksell4q@ed.gov,Male,105.78.52.247
172,Farrand,Croxon,fcroxon4r@msu.edu,Female,76.191.155.129
173,Barnebas,Findon,bfindon4s@freewebs.com,Male,103.251.119.119
174,Shawn,Mungane,smungane4t@chron.com,Female,241.167.96.158
175,Pedro,Galland,pgalland4u@hud.gov,Male,135.121.122.195
176,Omar,Gronno,ogronno4v@cdbaby.com,Male,82.2.134.254
177,Carole,Coucha,ccoucha4w@usatoday.com,Female,175.92.133.55
178,Ringo,Pankethman,rpankethman4x@cyberchimps.com,Male,66.167.195.125
179,Carole,Grainge,cgrainge4y@vk.com,Female,170.97.16.68
180,Tammara,Eccersley,teccersley4z@yahoo.com,Female,227.98.85.164
181,Merry,Scallon,mscallon50@acquirethisname.com,Male,15.68.255.72
182,Dorothea,Alelsandrowicz,dalelsandrowicz51@live.com,Female,9.194.149.161
183,Phillip,Carlyon,pcarlyon52@buzzfeed.com,Male,162.43.251.91
184,Roger,Attock,rattock53@ibm.com,Male,60.217.99.146
185,Eb,Townes,etownes54@spotify.com,Male,247.105.242.194
186,Herve,Tipler,htipler55@comsenz.com,Male,177.129.198.207
187,Harriet,MacCallester,hmaccallester56@ycombinator.com,Female,174.230.86.33
188,Storm,Crinidge,scrinidge57@ihg.com,Female,87.190.96.233
189,Sibelle,Heinsen,sheinsen58@ovh.net,Female,67.132.211.169
190,Jo-ann,Coote,jcoote59@ebay.com,Female,17.206.169.148
191,Shanda,Kochs,skochs5a@nih.gov,Female,108.9.1.107
192,Colin,Twigley,ctwigley5b@slashdot.org,Male,160.104.143.76
193,Ameline,Najera,anajera5c@amazon.co.jp,Female,188.212.89.55
194,Kendell,Van Son,kvanson5d@stanford.edu,Male,100.207.80.115
195,Gerry,Vaskov,gvaskov5e@unicef.org,Female,143.102.1.247
196,Carita,Harriagn,charriagn5f@netscape.com,Female,15.115.139.141
197,Willey,Crockatt,wcrockatt5g@geocities.com,Male,53.55.67.87
198,Reginald,McCarter,rmccarter5h@bigcartel.com,Male,225.110.86.153
199,Nolan,Wayvill,nwayvill5i@intel.com,Male,128.35.43.30
200,Vivianna,Glennon,vglennon5j@china.com.cn,Female,163.167.71.112
201,Modesty,Boseley,mboseley5k@rediff.com,Female,222.170.47.129
202,Catherine,Iskowicz,ciskowicz5l@nymag.com,Female,76.19.12.242
203,Consalve,Eades,ceades5m@scribd.com,Male,158.215.16.131
204,Goraud,Carpenter,gcarpenter5n@about.com,Male,68.246.70.201
205,Andonis,Dulson,adulson5o@sohu.com,Male,195.157.148.135
206,Evie,Hurdidge,ehurdidge5p@chronoengine.com,Female,109.159.150.95
207,Madalena,Stirrup,mstirrup5q@oakley.com,Female,132.16.192.47
208,Tammie,Feldbau,tfeldbau5r@linkedin.com,Male,22.224.24.184
209,Calvin,Westgate,cwestgate5s@acquirethisname.com,Male,152.12.176.159
210,Dannie,Deaton,ddeaton5t@dion.ne.jp,Female,99.250.3.173
211,Virgina,Flecknell,vflecknell5u@google.co.jp,Female,0.5.129.92
212,Berkly,Dearth,bdearth5v@yolasite.com,Male,233.62.236.243
213,Hildegarde,Zanutti,hzanutti5w@washingtonpost.com,Female,213.79.103.148
214,Welsh,Knight,wknight5x@umn.edu,Male,192.143.149.127
215,Boot,Brouwer,bbrouwer5y@cloudflare.com,Male,36.72.53.128
216,Gwenny,Bensen,gbensen5z@mediafire.com,Female,196.137.31.195
217,Micheil,Klemencic,mklemencic60@soup.io,Male,30.111.108.120
218,Irvin,Preene,ipreene61@whitehouse.gov,Male,139.72.110.92
219,Brenda,Mynard,bmynard62@google.ru,Female,218.227.169.239
220,Tomasine,Pavolini,tpavolini63@behance.net,Female,249.188.236.19
221,Jacklin,Piolli,jpiolli64@zdnet.com,Female,123.201.50.17
222,Rici,Rakes,rrakes65@upenn.edu,Female,173.117.185.35
223,Amalita,Biaggioli,abiaggioli66@spotify.com,Female,5.68.174.240
224,Storm,Upson,supson67@nasa.gov,Female,79.182.18.34
225,Nicholas,Eblein,neblein68@gizmodo.com,Male,126.15.64.180
226,Florinda,Duthie,fduthie69@unc.edu,Female,68.28.102.78
227,Katey,Golagley,kgolagley6a@japanpost.jp,Female,145.151.68.245
228,Gale,Bote,gbote6b@dropbox.com,Female,174.185.113.67
229,Ruthi,Sabatini,rsabatini6c@tinyurl.com,Female,136.210.241.107
230,Clovis,Normanvill,cnormanvill6d@skyrock.com,Female,154.234.203.91
231,Loreen,Adamov,ladamov6e@un.org,Female,1.101.139.168
232,Millard,McShea,mmcshea6f@samsung.com,Male,241.248.15.1
233,Erny,Pinchbeck,epinchbeck6g@imgur.com,Male,87.164.117.247
234,Reine,Mirfield,rmirfield6h@yahoo.com,Female,124.60.130.116
235,Turner,Skarr,tskarr6i@uiuc.edu,Male,61.199.78.242
236,Shaun,Leak,sleak6j@cbc.ca,Female,132.46.189.59
237,Desi,Poulglais,dpoulglais6k@go.com,Male,172.236.148.143
238,Guido,Osgordby,gosgordby6l@admin.ch,Male,81.162.133.197
239,Verina,Cuesta,vcuesta6m@narod.ru,Female,18.221.225.65
240,Jere,Comley,jcomley6n@skype.com,Male,139.182.32.185
241,Eugenie,Whotton,ewhotton6o@homestead.com,Female,113.128.161.47
242,Enriqueta,Liebrecht,eliebrecht6p@netvibes.com,Female,251.152.15.190
243,Thacher,Mansel,tmansel6q@google.ru,Male,126.178.168.91
244,Garrard,Linning,glinning6r@huffingtonpost.com,Male,118.96.239.161
245,Eachelle,Prosek,eprosek6s@devhub.com,Female,229.65.201.84
246,Carey,Baldoni,cbaldoni6t@bravesites.com,Male,226.237.127.242
247,Stanislas,Reardon,sreardon6u@dion.ne.jp,Male,27.211.199.185
248,Caresa,Morriss,cmorriss6v@army.mil,Female,16.45.17.179
249,Tobie,Flanagan,tflanagan6w@princeton.edu,Male,160.223.205.67
250,Aylmar,Dicte,adicte6x@zdnet.com,Male,112.120.81.150
251,Milty,Ogilvy,mogilvy6y@sogou.com,Male,254.14.156.154
252,Levey,Wilfing,lwilfing6z@bloomberg.com,Male,41.194.122.162
253,Siouxie,Orman,sorman70@trellian.com,Female,193.45.190.35
254,Myrtle,Warman,mwarman71@disqus.com,Female,48.18.214.14
255,Waverly,Erb,werb72@miitbeian.gov.cn,Male,69.195.249.37
256,Allina,Moxted,amoxted73@alibaba.com,Female,166.42.157.120
257,Collie,Ruckman,cruckman74@lulu.com,Female,105.236.199.169
258,Lyndel,Wildt,lwildt75@multiply.com,Female,163.36.183.198
259,Kylynn,Gladdolph,kgladdolph76@netscape.com,Female,62.149.180.98
260,Catie,Ceeley,cceeley77@oaic.gov.au,Female,105.119.242.7
261,Andy,Shotboult,ashotboult78@tripod.com,Male,235.33.145.107
262,Denney,Kreber,dkreber79@live.com,Male,230.221.248.39
263,Wallace,Bramsen,wbramsen7a@hibu.com,Male,125.34.116.221
264,Gilberte,Sheeres,gsheeres7b@marriott.com,Female,10.152.133.97
265,Vaughn,Macklam,vmacklam7c@smugmug.com,Male,157.140.164.225
266,Whittaker,Trayling,wtrayling7d@hostgator.com,Male,254.135.183.23
267,Marcile,Durnall,mdurnall7e@ftc.gov,Female,159.110.99.228
268,Joachim,Yackiminie,jyackiminie7f@yahoo.co.jp,Male,70.255.235.103
269,Emlynn,McAdam,emcadam7g@umich.edu,Female,30.154.13.182
270,Kinnie,Dell 'Orto,kdellorto7h@irs.gov,Male,180.244.204.21
271,Maybelle,Yakuntzov,myakuntzov7i@yolasite.com,Female,222.255.225.113
272,Jenilee,Melbury,jmelbury7j@purevolume.com,Female,40.8.88.112
273,Rinaldo,Vynoll,rvynoll7k@ameblo.jp,Male,207.226.67.186
274,Rhea,Jeness,rjeness7l@rediff.com,Female,19.233.249.28
275,Delmer,Maliphant,dmaliphant7m@admin.ch,Male,237.208.191.221
276,Land,Leversuch,lleversuch7n@homestead.com,Male,108.238.24.75
277,Lanae,Sliman,lsliman7o@statcounter.com,Female,22.193.177.236
278,Tam,Arbuckle,tarbuckle7p@chron.com,Male,143.66.144.58
279,Niels,Ping,nping7q@globo.com,Male,131.104.234.84
280,Brose,MacFaul,bmacfaul7r@macromedia.com,Male,23.178.212.17
281,Jackelyn,Pritty,jpritty7s@trellian.com,Female,32.28.22.193
282,Allie,Kretchmer,akretchmer7t@meetup.com,Male,120.230.64.7
283,Xenia,Edmenson,xedmenson7u@foxnews.com,Female,199.135.182.16
284,Gordan,Belchamber,gbelchamber7v@ox.ac.uk,Male,210.135.232.244
285,Donny,Sedge,dsedge7w@amazon.co.uk,Male,32.40.247.32
286,Andrus,Leyden,aleyden7x@list-manage.com,Male,7.233.4.194
287,Merell,Bratch,mbratch7y@edublogs.org,Male,153.164.220.46
288,Constantin,Adshad,cadshad7z@canalblog.com,Male,208.103.41.66
289,Jena,Holgan,jholgan80@blinklist.com,Female,245.142.232.0
290,Leola,Valentim,lvalentim81@tinypic.com,Female,245.146.41.201
291,Ula,Congreave,ucongreave82@xing.com,Female,40.118.15.62
292,Bride,Palmar,bpalmar83@vimeo.com,Female,118.160.192.88
293,Spencer,Beincken,sbeincken84@dot.gov,Male,82.153.255.94
294,Ruben,Twelftree,rtwelftree85@a8.net,Male,205.84.19.48
295,Belvia,Armin,barmin86@geocities.jp,Female,84.187.143.12
296,Doralia,Gutch,dgutch87@xinhuanet.com,Female,42.57.11.26
297,Nona,Lack,nlack88@webnode.com,Female,193.4.36.142
298,Edyth,Manginot,emanginot89@flickr.com,Female,95.175.237.191
299,Abram,Pury,apury8a@berkeley.edu,Male,167.103.163.186
300,Larissa,Borless,lborless8b@deviantart.com,Female,167.126.215.169
301,Reinhold,Jeskin,rjeskin8c@go.com,Male,67.122.4.223
302,Dennet,Coppen,dcoppen8d@google.cn,Male,231.79.128.148
303,Neall,Dandie,ndandie8e@free.fr,Male,58.151.76.235
304,Sansone,Corkhill,scorkhill8f@paypal.com,Male,192.92.139.165
305,Sascha,Stratley,sstratley8g@about.me,Female,37.7.13.85
306,Birgitta,Kline,bkline8h@ucoz.com,Female,222.53.223.41
307,Nerti,Ridings,nridings8i@dell.com,Female,82.64.162.218
308,Chloette,Husband,chusband8j@mediafire.com,Female,151.99.31.96
309,Marylin,Harbisher,mharbisher8k@toplist.cz,Female,117.98.114.218
310,Justen,Quarterman,jquarterman8l@prlog.org,Male,72.144.172.232
311,Joya,Chamberlaine,jchamberlaine8m@huffingtonpost.com,Female,29.95.21.101
312,Killian,Daniely,kdaniely8n@xrea.com,Male,120.140.136.36
313,Cher,Concannon,cconcannon8o@vimeo.com,Female,154.8.251.209
314,Alisha,Cartin,acartin8p@yellowpages.com,Female,248.200.208.193
315,Barbe,Raisher,braisher8q@answers.com,Female,120.152.169.65
316,Stanley,Torri,storri8r@bravesites.com,Male,120.111.225.68
317,Billie,Pieche,bpieche8s@sun.com,Female,20.153.245.160
318,Milty,Demelt,mdemelt8t@washingtonpost.com,Male,76.205.89.136
319,Brandice,Demchen,bdemchen8u@cbslocal.com,Female,68.164.18.86
320,Timothy,Gooderridge,tgooderridge8v@oakley.com,Male,166.32.204.162
321,Leshia,Morford,lmorford8w@simplemachines.org,Female,58.148.39.236
322,Barbie,Viney,bviney8x@sitemeter.com,Female,19.246.71.59
323,Janine,Dyka,jdyka8y@usatoday.com,Female,180.45.130.85
324,Stacee,Justis,sjustis8z@unblog.fr,Female,95.254.84.105
325,Tiffie,Maddock,tmaddock90@bigcartel.com,Female,156.166.87.62
326,Kirsteni,Rosas,krosas91@google.cn,Female,15.124.112.218
327,Burg,Halfhyde,bhalfhyde92@cnbc.com,Male,231.107.234.15
328,Peyter,Whates,pwhates93@princeton.edu,Male,237.60.248.120
329,Ingar,Aitchison,iaitchison94@blogspot.com,Male,213.165.183.86
330,Link,Creek,lcreek95@ox.ac.uk,Male,21.108.197.99
331,Petr,Bartolijn,pbartolijn96@washingtonpost.com,Male,94.32.20.103
332,Conchita,Inchan,cinchan97@hugedomains.com,Female,73.242.162.132
333,Tull,Janisson,tjanisson98@prlog.org,Male,18.67.92.0
334,Eberto,Tudgay,etudgay99@tinyurl.com,Male,144.234.85.215
335,Lari,Sidaway,lsidaway9a@cisco.com,Female,142.33.58.30
336,Garth,Venes,gvenes9b@nba.com,Male,100.165.116.94
337,Reynolds,Pothecary,rpothecary9c@stumbleupon.com,Male,166.82.51.137
338,Cristie,Whitfield,cwhitfield9d@sourceforge.net,Female,141.111.97.240
339,Trstram,Branigan,tbranigan9e@usatoday.com,Male,7.241.62.80
340,Brody,Braga,bbraga9f@sbwire.com,Male,46.192.209.26
341,Kean,Bumphries,kbumphries9g@phoca.cz,Male,230.250.139.80
342,Carolynn,Silverwood,csilverwood9h@ucoz.ru,Female,132.143.230.219
343,Fee,Smedmore,fsmedmore9i@yellowbook.com,Male,237.178.152.81
344,Tamra,Kolodziejski,tkolodziejski9j@people.com.cn,Female,45.123.204.165
345,Gerald,Wandrich,gwandrich9k@123-reg.co.uk,Male,45.237.49.25
346,Wolfy,McCleverty,wmccleverty9l@vistaprint.com,Male,145.144.182.57
347,Bernarr,Benz,bbenz9m@gizmodo.com,Male,7.100.183.79
348,Brooke,Gabel,bgabel9n@mlb.com,Male,89.61.56.221
349,Kizzie,Threadgall,kthreadgall9o@nih.gov,Female,37.45.134.90
350,Kasey,Armall,karmall9p@google.fr,Female,109.46.159.194
351,Myra,Jowle,mjowle9q@epa.gov,Female,75.247.29.235
352,Fields,Duddan,fduddan9r@un.org,Male,120.185.162.232
353,Fonzie,Blackmoor,fblackmoor9s@feedburner.com,Male,226.61.168.157
354,Akim,East,aeast9t@macromedia.com,Male,231.119.248.43
355,Myrilla,Casone,mcasone9u@addtoany.com,Female,22.76.118.229
356,Mireielle,Jecock,mjecock9v@geocities.jp,Female,130.149.76.254
357,Marty,Cowan,mcowan9w@amazonaws.com,Female,223.131.208.2
358,Denny,Belfitt,dbelfitt9x@wikipedia.org,Female,184.60.60.237
359,Esme,Siss,esiss9y@answers.com,Male,106.72.77.227
360,Efren,McClymond,emcclymond9z@t.co,Male,92.169.96.249
361,Harlene,Phant,hphanta0@lulu.com,Female,86.221.121.70
362,Bernardo,Espinoy,bespinoya1@thetimes.co.uk,Male,199.128.242.46
363,Edmund,Casson,ecassona2@usa.gov,Male,61.99.235.21
364,Marigold,Trott,mtrotta3@rakuten.co.jp,Female,146.212.156.79
365,Maynord,Mongain,mmongaina4@smugmug.com,Male,217.106.253.53
366,Sallie,Needham,sneedhama5@bravesites.com,Female,45.25.98.108
367,Dana,Gossington,dgossingtona6@sfgate.com,Male,136.209.129.6
368,Bryant,Jantel,bjantela7@prnewswire.com,Male,222.132.113.223
369,Editha,Fairebrother,efairebrothera8@dailymail.co.uk,Female,213.10.198.144
370,Murial,Gambrell,mgambrella9@dropbox.com,Female,145.81.221.217
371,Terrill,Arrighini,tarrighiniaa@dot.gov,Male,24.128.115.208
372,Chen,Cordero,ccorderoab@latimes.com,Male,48.196.89.221
373,Domini,Taylo,dtayloac@stumbleupon.com,Female,168.197.78.226
374,Gradey,Grzeszczak,ggrzeszczakad@wikia.com,Male,173.156.118.95
375,Anya,Bonnin,abonninae@biglobe.ne.jp,Female,182.169.102.100
376,Deane,Cotsford,dcotsfordaf@ucla.edu,Female,161.25.78.0
377,Hayes,Hannigane,hhanniganeag@gnu.org,Male,177.252.101.85
378,Towny,Boles,tbolesah@techcrunch.com,Male,93.210.135.65
379,Lita,Beaty,lbeatyai@ox.ac.uk,Female,81.110.145.240
380,Malia,Sheldrick,msheldrickaj@google.co.uk,Female,5.151.249.213
381,Anthe,Legerwood,alegerwoodak@cisco.com,Female,136.247.133.199
382,Isabeau,Finlater,ifinlateral@goodreads.com,Female,85.32.29.21
383,Lola,Fateley,lfateleyam@techcrunch.com,Female,3.27.193.152
384,Jenica,Feore,jfeorean@umich.edu,Female,117.182.99.42
385,Jeremias,Chavrin,jchavrinao@ow.ly,Male,160.175.156.168
386,Suzi,Pedler,spedlerap@google.co.jp,Female,83.197.1.118
387,Hy,Gorsse,hgorsseaq@springer.com,Male,58.148.172.118
388,Dorian,Connichie,dconnichiear@usnews.com,Female,149.137.45.193
389,Erny,Paraman,eparamanas@howstuffworks.com,Male,44.174.253.90
390,Sibley,Hiskey,shiskeyat@amazon.com,Female,161.165.18.187
391,Hobey,Renac,hrenacau@posterous.com,Male,43.9.0.34
392,Violante,Kingswood,vkingswoodav@marriott.com,Female,59.182.212.218
393,Markus,Grosvener,mgrosveneraw@mac.com,Male,102.10.223.169
394,Cynthie,Giffard,cgiffardax@360.cn,Female,52.153.81.2
395,Arlana,Van der Daal,avanderdaalay@nba.com,Female,26.16.88.40
396,Mildred,Stainfield,mstainfieldaz@lycos.com,Female,134.114.159.198
397,Hannis,Wathan,hwathanb0@paginegialle.it,Female,76.250.100.176
398,Jordon,Bwy,jbwyb1@accuweather.com,Male,166.27.118.219
399,Pate,Wemm,pwemmb2@mayoclinic.com,Male,2.17.20.255
400,Leupold,Golsworthy,lgolsworthyb3@tripod.com,Male,147.81.140.164
401,Reggis,Gomar,rgomarb4@hexun.com,Male,50.244.3.194
402,Kaspar,Scay,kscayb5@imageshack.us,Male,231.203.192.138
403,Cletis,Snoden,csnodenb6@chron.com,Male,65.54.65.142
404,Nertie,O' Mara,nomarab7@wordpress.org,Female,156.11.31.37
405,Alisun,Halpin,ahalpinb8@forbes.com,Female,208.31.125.95
406,Clotilda,Nattrass,cnattrassb9@istockphoto.com,Female,126.46.147.197
407,Milty,Hammell,mhammellba@sciencedaily.com,Male,198.79.150.221
408,Jodi,Franey,jfraneybb@google.pl,Female,92.165.64.123
409,Barbaraanne,Snashall,bsnashallbc@yellowbook.com,Female,26.98.250.112
410,Marybelle,Westcott,mwestcottbd@yolasite.com,Female,33.178.102.122
411,Vivianne,Oleszcuk,voleszcukbe@ehow.com,Female,81.62.235.63
412,Delano,Swale,dswalebf@nps.gov,Male,116.118.27.178
413,Maximilien,Dottrell,mdottrellbg@seesaa.net,Male,0.66.238.12
414,Sissie,Trees,streesbh@sina.com.cn,Female,21.187.62.43
415,Van,Ducarne,vducarnebi@wikimedia.org,Male,51.66.147.159
416,Ruth,Poland,rpolandbj@123-reg.co.uk,Female,189.182.33.145
417,Dorris,Shawley,dshawleybk@com.com,Female,180.18.157.31
418,Mickie,Mourbey,mmourbeybl@jiathis.com,Male,20.102.90.74
419,Vonni,Seage,vseagebm@loc.gov,Female,125.152.156.71
420,Bradney,Nutty,bnuttybn@yellowbook.com,Male,137.67.194.146
421,Mordecai,Drance,mdrancebo@apple.com,Male,156.224.197.151
422,Janenna,Husset,jhussetbp@sbwire.com,Female,24.220.195.53
423,Quinton,Kuna,qkunabq@netvibes.com,Male,148.55.169.125
424,Ashleigh,Rummins,arumminsbr@flavors.me,Female,210.136.228.167
425,Constantina,Martins,cmartinsbs@infoseek.co.jp,Female,214.205.155.89
426,Obediah,Giacomucci,ogiacomuccibt@samsung.com,Male,100.237.73.65
427,Claire,Sorrel,csorrelbu@amazon.com,Female,75.185.44.113
428,Sylvan,McKerrow,smckerrowbv@soup.io,Male,122.221.232.232
429,Davine,Mathwen,dmathwenbw@woothemes.com,Female,222.21.80.92
430,Ileana,Woolway,iwoolwaybx@com.com,Female,243.145.74.90
431,Marie-jeanne,Chestnut,mchestnutby@i2i.jp,Female,209.59.66.177
432,Mattie,Raffin,mraffinbz@geocities.com,Female,17.78.109.165
433,Ethelred,Slorance,eslorancec0@altervista.org,Male,111.2.95.71
434,Shurlocke,McKeveney,smckeveneyc1@amazon.com,Male,236.190.128.224
435,Kile,Tassel,ktasselc2@unesco.org,Male,140.234.226.15
436,Mignonne,MacGauhy,mmacgauhyc3@yahoo.com,Female,203.137.13.89
437,Fidel,Legonidec,flegonidecc4@google.ca,Male,252.67.8.142
438,Georgette,Buer,gbuerc5@diigo.com,Female,253.73.161.77
439,Jaimie,Escritt,jescrittc6@joomla.org,Female,0.118.130.59
440,Klarrisa,Sappell,ksappellc7@miitbeian.gov.cn,Female,245.145.207.71
441,Barbra,Vieyra,bvieyrac8@discuz.net,Female,229.215.58.7
442,Raynard,Moff,rmoffc9@usatoday.com,Male,203.169.212.211
443,Alley,Ben,abenca@hatena.ne.jp,Male,140.122.67.14
444,Deane,Klaes,dklaescb@list-manage.com,Male,7.42.132.251
445,Rodi,Skune,rskunecc@epa.gov,Female,49.151.26.81
446,Clary,Godsal,cgodsalcd@google.cn,Female,47.248.92.66
447,Prescott,Biggin,pbiggince@nasa.gov,Male,81.210.114.201
448,Shantee,Reboulet,srebouletcf@google.ru,Female,255.221.174.147
449,Jayne,Yarrow,jyarrowcg@umn.edu,Female,62.140.74.122
450,Jeniffer,McGilvary,jmcgilvarych@prweb.com,Female,236.79.132.124
451,Archambault,Hurlestone,ahurlestoneci@state.tx.us,Male,236.80.245.103
452,Petrina,Oldland,poldlandcj@pbs.org,Female,206.214.153.59
453,Slade,Addionizio,saddioniziock@skyrock.com,Male,170.248.16.49
454,Franklyn,Aleksankin,faleksankincl@cnn.com,Male,17.237.198.192
455,Merna,Holbarrow,mholbarrowcm@tuttocitta.it,Female,76.173.159.38
456,Elsy,McSorley,emcsorleycn@csmonitor.com,Female,241.169.79.139
457,Missie,Haily,mhailyco@cnn.com,Female,32.142.119.44
458,Ban,Benedyktowicz,bbenedyktowiczcp@auda.org.au,Male,77.148.229.108
459,Alyssa,Edsall,aedsallcq@shop-pro.jp,Female,246.78.125.112
460,Lilyan,Blyden,lblydencr@cyberchimps.com,Female,217.168.95.16
461,Chad,Ferneyhough,cferneyhoughcs@bloglines.com,Male,252.24.211.244
462,Shamus,Duiguid,sduiguidct@macromedia.com,Male,14.100.72.160
463,Freda,Pendry,fpendrycu@discuz.net,Female,243.89.66.153
464,Lou,Augustine,laugustinecv@biblegateway.com,Female,231.246.254.252
465,Say,Nehlsen,snehlsencw@goo.ne.jp,Male,200.75.252.39
466,Carlos,Sonnenschein,csonnenscheincx@nature.com,Male,96.44.68.148
467,Hastings,Lenden,hlendency@si.edu,Male,191.119.22.103
468,Alonzo,Braham,abrahamcz@loc.gov,Male,13.67.171.55
469,Karil,Greasty,kgreastyd0@cnbc.com,Female,68.18.194.233
470,Agosto,Skule,askuled1@europa.eu,Male,15.96.71.234
471,Dela,Kindall,dkindalld2@dell.com,Female,38.112.108.202
472,Hildegarde,Pandie,hpandied3@cdbaby.com,Female,171.184.212.31
473,Kettie,Trude,ktruded4@canalblog.com,Female,101.43.136.180
474,Nataline,McDonald,nmcdonaldd5@godaddy.com,Female,95.118.26.23
475,Neil,Flello,nflellod6@ucoz.com,Male,173.88.42.11
476,Silvio,Sillett,ssillettd7@networksolutions.com,Male,112.9.152.16
477,Edyth,Stichall,estichalld8@ameblo.jp,Female,123.247.113.153
478,Eirena,Blaise,eblaised9@vkontakte.ru,Female,25.192.249.131
479,Berny,Sadat,bsadatda@goo.gl,Male,181.56.108.254
480,Margie,Bindin,mbindindb@bandcamp.com,Female,159.37.47.197
481,Tammy,MacGinley,tmacginleydc@mediafire.com,Female,55.171.2.116
482,Cathy,Gouldthorp,cgouldthorpdd@discuz.net,Female,119.160.227.106
483,Mack,Sandland,msandlandde@bbb.org,Male,46.227.2.178
484,Jessey,Byrkmyr,jbyrkmyrdf@arstechnica.com,Male,58.15.61.59
485,Francklin,Grigorian,fgrigoriandg@hud.gov,Male,225.163.202.37
486,Domenic,Tixier,dtixierdh@dedecms.com,Male,69.22.109.242
487,Artemas,McGuff,amcguffdi@apache.org,Male,21.20.173.63
488,Merrel,Casson,mcassondj@businessweek.com,Male,176.94.155.189
489,Tybie,Rodwell,trodwelldk@mayoclinic.com,Female,247.152.214.31
490,Hilary,Kembery,hkemberydl@ask.com,Male,210.216.157.127
491,Darrel,Jarrett,djarrettdm@forbes.com,Male,188.219.97.190
492,Fara,Wetherick,fwetherickdn@fastcompany.com,Female,253.29.0.159
493,Carling,Samart,csamartdo@dropbox.com,Male,128.192.45.51
494,Rolph,Craddy,rcraddydp@cnet.com,Male,31.161.176.74
495,Nelly,Vasilyonok,nvasilyonokdq@liveinternet.ru,Female,77.129.79.41
496,Bea,Torn,btorndr@prweb.com,Female,255.162.0.170
497,Sigismond,Brussels,sbrusselsds@usnews.com,Male,96.13.211.118
498,Tades,Rennock,trennockdt@taobao.com,Male,175.247.125.67
499,Balduin,Fidelus,bfidelusdu@hud.gov,Male,142.119.35.206
500,Bartel,Craker,bcrakerdv@twitter.com,Male,64.192.224.95
501,Ethelda,Parmeter,eparmeterdw@4shared.com,Female,23.168.219.122
502,Cordy,Steet,csteetdx@redcross.org,Male,155.130.142.25
503,Wilbert,Edwin,wedwindy@gov.uk,Male,58.215.19.50
504,West,Andrick,wandrickdz@bluehost.com,Male,187.94.132.49
505,Ricki,Duckels,rduckelse0@drupal.org,Male,227.235.218.154
506,Myron,Dessent,mdessente1@msu.edu,Male,108.198.254.102
507,Wynn,Candlish,wcandlishe2@altervista.org,Female,228.170.50.225
508,Ayn,Perel,aperele3@odnoklassniki.ru,Female,186.112.195.95
509,Kimberlee,Henrique,khenriquee4@abc.net.au,Female,130.186.43.174
510,Tirrell,De la Barre,tdelabarree5@paginegialle.it,Male,171.100.65.195
511,Germayne,Grimestone,ggrimestonee6@joomla.org,Male,59.255.116.133
512,Annabell,McQuilty,amcquiltye7@gravatar.com,Female,230.89.214.43
513,Maria,Volkers,mvolkerse8@time.com,Female,179.19.164.81
514,Anthe,Jannaway,ajannawaye9@ibm.com,Female,168.217.32.49
515,Zitella,Madre,zmadreea@jiathis.com,Female,235.133.172.111
516,Edgardo,Denyagin,edenyagineb@patch.com,Male,146.126.202.3
517,Matilda,Stockdale,mstockdaleec@desdev.cn,Female,207.254.37.145
518,Maxi,Tratton,mtrattoned@hubpages.com,Female,133.166.234.173
519,Ame,Speechley,aspeechleyee@exblog.jp,Female,72.142.180.219
520,Avrit,Pache,apacheef@howstuffworks.com,Female,177.185.105.84
521,Broderick,Domleo,bdomleoeg@theguardian.com,Male,35.239.17.90
522,Alis,Riseley,ariseleyeh@acquirethisname.com,Female,102.234.121.27
523,Larina,Cornfield,lcornfieldei@google.com.hk,Female,88.252.162.117
524,Mikey,Merman,mmermanej@wikimedia.org,Male,193.194.70.127
525,Roze,Malek,rmalekek@google.ca,Female,219.124.116.91
526,Renelle,Roarty,rroartyel@360.cn,Female,90.150.73.201
527,Ariana,Benadette,abenadetteem@php.net,Female,210.35.5.66
528,Leia,Duthy,lduthyen@webs.com,Female,241.229.164.156
529,Haywood,Destouche,hdestoucheeo@dagondesign.com,Male,48.31.147.162
530,Carie,Rhule,crhuleep@mapy.cz,Female,147.101.199.143
531,Tallulah,Eatherton,teathertoneq@blogs.com,Female,151.112.200.241
532,Vi,Beushaw,vbeushawer@virginia.edu,Female,87.174.164.21
533,Sterne,Silverstone,ssilverstonees@upenn.edu,Male,0.118.113.216
534,Thorndike,Lambdin,tlambdinet@cdc.gov,Male,168.107.68.115
535,Scotti,Tockell,stockelleu@privacy.gov.au,Male,144.76.159.98
536,Paolo,Carcass,pcarcassev@dmoz.org,Male,84.125.154.15
537,Jehu,Hacaud,jhacaudew@ning.com,Male,66.23.134.168
538,Fawne,Fomichyov,ffomichyovex@exblog.jp,Female,96.158.61.83
539,Kimmie,Millgate,kmillgateey@a8.net,Female,22.197.181.48
540,Sile,Peter,speterez@europa.eu,Female,204.69.25.146
541,Christoph,Canfield,ccanfieldf0@bluehost.com,Male,95.245.95.207
542,Northrup,Wilbraham,nwilbrahamf1@wikimedia.org,Male,219.32.82.157
543,Gabriele,Zamorano,gzamoranof2@nyu.edu,Male,1.166.57.164
544,Natividad,Ferran,nferranf3@guardian.co.uk,Female,152.20.90.197
545,Celesta,Louedey,clouedeyf4@dell.com,Female,46.251.110.189
546,Almeda,Laurance,alaurancef5@purevolume.com,Female,34.20.11.12
547,Ambrosi,Sallings,asallingsf6@comcast.net,Male,159.213.107.111
548,Leroy,Donner,ldonnerf7@telegraph.co.uk,Male,55.25.96.220
549,Conant,Wallentin,cwallentinf8@wisc.edu,Male,218.20.127.176
550,Emma,Fries,efriesf9@berkeley.edu,Female,183.133.162.186
551,Rianon,Eunson,reunsonfa@vinaora.com,Female,26.45.44.109
552,Giusto,Shepcutt,gshepcuttfb@exblog.jp,Male,7.162.3.18
553,Daphne,Brightie,dbrightiefc@aboutads.info,Female,216.181.189.246
554,Ayn,Herculeson,aherculesonfd@reverbnation.com,Female,24.59.14.86
555,Glynis,Orlton,gorltonfe@bravesites.com,Female,48.195.28.164
556,Peggie,Hymus,phymusff@wp.com,Female,112.167.180.107
557,Tanny,Decourt,tdecourtfg@businessinsider.com,Male,126.179.157.198
558,Mina,Cronin,mcroninfh@census.gov,Female,226.193.12.200
559,Demetri,Jouannot,djouannotfi@springer.com,Male,5.251.59.10
560,Dudley,Gilders,dgildersfj@microsoft.com,Male,159.62.236.133
561,Tim,Adcock,tadcockfk@amazon.co.jp,Male,82.41.74.215
562,Osborne,Siggins,osigginsfl@e-recht24.de,Male,212.207.153.225
563,Baxter,Colbridge,bcolbridgefm@over-blog.com,Male,84.131.129.237
564,Ric,Tyson,rtysonfn@ft.com,Male,34.68.105.166
565,Alleyn,Warland,awarlandfo@chron.com,Male,56.162.126.60
566,Cher,Rendall,crendallfp@bing.com,Female,76.64.118.19
567,Park,Janusik,pjanusikfq@kickstarter.com,Male,97.247.16.17
568,Mikaela,Klehn,mklehnfr@irs.gov,Female,66.174.22.71
569,Reeba,Couth,rcouthfs@google.com.br,Female,139.9.214.60
570,Kasper,Comelini,kcomelinift@amazonaws.com,Male,68.43.93.132
571,Josias,Kilgrew,jkilgrewfu@infoseek.co.jp,Male,181.171.140.7
572,Deedee,Leavesley,dleavesleyfv@google.nl,Female,100.78.230.128
573,Julian,Cutbirth,jcutbirthfw@cyberchimps.com,Male,46.195.10.195
574,Curtis,Lainge,claingefx@google.ru,Male,74.8.58.235
575,Kaela,Flay,kflayfy@marriott.com,Female,117.31.71.6
576,Tamar,Macari,tmacarifz@imageshack.us,Female,123.38.4.4
577,Abran,Janic,ajanicg0@canalblog.com,Male,16.246.193.201
578,Taddeo,Ambrus,tambrusg1@stanford.edu,Male,213.193.69.129
579,Ermanno,Rosenschein,erosenscheing2@symantec.com,Male,60.44.12.106
580,Bernhard,Martschke,bmartschkeg3@dailymotion.com,Male,88.74.40.163
581,Timofei,Geikie,tgeikieg4@sitemeter.com,Male,41.131.162.32
582,Dell,Readhead,dreadheadg5@huffingtonpost.com,Female,20.228.103.122
583,Catharina,Nancarrow,cnancarrowg6@domainmarket.com,Female,148.71.164.217
584,Andie,Coonan,acoonang7@wikimedia.org,Female,160.165.206.34
585,Huberto,Braunton,hbrauntong8@sphinn.com,Male,17.80.35.14
586,Irving,Mooney,imooneyg9@unc.edu,Male,214.26.104.60
587,Cleavland,Itzkovwitch,citzkovwitchga@icio.us,Male,117.62.248.57
588,Haydon,Bilsborrow,hbilsborrowgb@google.nl,Male,230.64.127.98
589,Meade,Loch,mlochgc@discovery.com,Female,132.175.78.244
590,Kylen,Coode,kcoodegd@nba.com,Female,57.207.158.141
591,Onfroi,De la Barre,odelabarrege@myspace.com,Male,19.103.23.106
592,Cornelia,Kike,ckikegf@cnbc.com,Female,49.15.196.234
593,Carree,Bielefeld,cbielefeldgg@google.com,Female,113.162.161.103
594,Rani,Magrannell,rmagrannellgh@prweb.com,Female,239.126.235.243
595,Jule,Praundl,jpraundlgi@cyberchimps.com,Male,7.2.99.82
596,Daron,Rampling,dramplinggj@unicef.org,Male,229.44.59.86
597,Gianina,Fennelly,gfennellygk@youku.com,Female,64.175.98.68
598,Lurette,Broadis,lbroadisgl@who.int,Female,233.236.209.249
599,Olivero,Amesbury,oamesburygm@purevolume.com,Male,232.58.119.36
600,Pattie,Simonassi,psimonassign@sbwire.com,Male,55.100.18.110
601,Sheela,Burnard,sburnardgo@jimdo.com,Female,184.6.90.227
602,Meyer,Supple,msupplegp@smugmug.com,Male,54.244.59.249
603,Maxwell,Harcourt,mharcourtgq@springer.com,Male,132.147.109.189
604,Geoff,Doe,gdoegr@chronoengine.com,Male,199.139.53.65
605,Dalt,Lemm,dlemmgs@biblegateway.com,Male,78.11.180.225
606,Aldin,Haverty,ahavertygt@theglobeandmail.com,Male,144.18.247.98
607,Jerrylee,Friberg,jfriberggu@cnn.com,Female,223.172.6.24
608,Alistair,Rabbitts,arabbittsgv@businessinsider.com,Male,251.33.11.48
609,Rianon,Jephcott,rjephcottgw@issuu.com,Female,3.45.250.52
610,Ruthe,Bagshawe,rbagshawegx@gizmodo.com,Female,42.84.232.23
611,Sergei,Sangar,ssangargy@deviantart.com,Male,25.22.85.78
612,Cortie,Grocock,cgrocockgz@slate.com,Male,87.217.160.178
613,Deane,Airth,dairthh0@wired.com,Female,91.198.38.97
614,Jeane,Sybbe,jsybbeh1@ovh.net,Female,235.162.227.13
615,Gawen,Gurton,ggurtonh2@wikispaces.com,Male,22.58.140.134
616,Jobye,Stears,jstearsh3@friendfeed.com,Female,110.117.146.209
617,Jacqueline,Abels,jabelsh4@tamu.edu,Female,83.76.40.63
618,Grantham,Zecchinelli,gzecchinellih5@statcounter.com,Male,192.132.40.90
619,Doralynne,Parres,dparresh6@mysql.com,Female,29.20.193.212
620,Libby,D'Emanuele,ldemanueleh7@mlb.com,Female,230.104.51.69
621,Lynn,Lisciandri,llisciandrih8@ed.gov,Male,138.78.18.219
622,Hedy,Stolz,hstolzh9@yellowbook.com,Female,215.252.241.238
623,Antonetta,Toolan,atoolanha@wikipedia.org,Female,48.4.87.194
624,Allie,Dwane,adwanehb@wordpress.org,Male,206.204.71.246
625,Sascha,Myall,smyallhc@mit.edu,Male,218.98.2.77
626,Dominique,Attrie,dattriehd@nasa.gov,Male,56.73.158.115
627,Ruprecht,Moorman,rmoormanhe@geocities.jp,Male,2.22.127.213
628,Pacorro,Aidler,paidlerhf@smh.com.au,Male,62.153.255.235
629,Thedric,Desporte,tdesportehg@fotki.com,Male,9.99.113.245
630,Padraig,Collison,pcollisonhh@hud.gov,Male,238.57.162.51
631,Pegeen,Laimable,plaimablehi@joomla.org,Female,88.132.131.127
632,Keefe,Danielou,kdanielouhj@t.co,Male,176.107.198.93
633,Jorgan,Eglinton,jeglintonhk@nationalgeographic.com,Male,191.144.27.240
634,Sebastien,Beininck,sbeininckhl@comcast.net,Male,119.91.32.116
635,Daniela,Humbee,dhumbeehm@berkeley.edu,Female,132.134.64.155
636,Terry,Boncoeur,tboncoeurhn@wunderground.com,Male,79.141.7.169
637,Lila,Gaspero,lgasperoho@cbslocal.com,Female,184.242.5.74
638,Horace,Mourbey,hmourbeyhp@woothemes.com,Male,94.95.63.15
639,Emile,Naulty,enaultyhq@ibm.com,Male,195.173.201.109
640,Dru,Mellem,dmellemhr@businesswire.com,Female,210.79.39.32
641,Allan,Younghusband,ayounghusbandhs@dailymail.co.uk,Male,39.127.69.179
642,Ramsay,Harrismith,rharrismithht@bandcamp.com,Male,137.186.154.251
643,Trevar,Weiner,tweinerhu@sitemeter.com,Male,52.63.116.6
644,Muffin,Cardoe,mcardoehv@jugem.jp,Male,165.32.204.170
645,Fayre,Khoter,fkhoterhw@weibo.com,Female,107.26.96.36
646,Frederico,Scotts,fscottshx@multiply.com,Male,29.70.100.162
647,Eimile,Papez,epapezhy@wordpress.org,Female,69.142.124.100
648,Nickolas,Lindenfeld,nlindenfeldhz@eepurl.com,Male,147.142.91.108
649,Mata,Derell,mderelli0@cbc.ca,Male,106.179.205.167
650,Rudolph,Heavens,rheavensi1@ask.com,Male,35.119.27.182
651,Bernadine,MacGuiness,bmacguinessi2@blogs.com,Female,7.237.218.110
652,Wallis,Wedderburn,wwedderburni3@bizjournals.com,Female,115.86.218.95
653,Uri,Le Moucheux,ulemoucheuxi4@etsy.com,Male,248.125.35.194
654,Ailene,Fincken,afinckeni5@wix.com,Female,90.204.244.0
655,Hamel,Biggs,hbiggsi6@baidu.com,Male,78.81.226.112
656,Luke,Willgoss,lwillgossi7@eepurl.com,Male,127.237.126.216
657,Gerald,Scarbarrow,gscarbarrowi8@github.io,Male,17.54.21.60
658,Roger,Cartmell,rcartmelli9@dyndns.org,Male,4.156.71.192
659,Feodor,Danihel,fdanihelia@delicious.com,Male,23.135.6.26
660,Lorens,Pheasant,lpheasantib@google.de,Male,243.40.153.200
661,Tedmund,Elsay,telsayic@mapy.cz,Male,148.98.241.63
662,Arlen,Akister,aakisterid@forbes.com,Male,185.5.43.15
663,Daniella,Linnitt,dlinnittie@ebay.com,Female,136.135.252.148
664,Julissa,Tolputt,jtolputtif@google.ca,Female,217.179.88.250
665,Gizela,Yablsley,gyablsleyig@shop-pro.jp,Female,106.17.25.145
666,Demetre,Creffeild,dcreffeildih@baidu.com,Male,135.17.172.35
667,Jory,Bettanay,jbettanayii@mtv.com,Male,83.103.217.172
668,Averell,Alentyev,aalentyevij@myspace.com,Male,47.58.0.15
669,Henryetta,Prover,hproverik@sina.com.cn,Female,210.61.36.254
670,Dallas,Brazur,dbrazuril@fotki.com,Male,6.80.27.131
671,Lenard,Sprigg,lspriggim@wikipedia.org,Male,96.109.41.197
672,Melodie,Hawken,mhawkenin@tripod.com,Female,253.244.241.171
673,Joellyn,Pinnegar,jpinnegario@dedecms.com,Female,94.215.51.63
674,Kizzee,Spellissy,kspellissyip@digg.com,Female,151.252.183.117
675,Jo-anne,Donson,jdonsoniq@sogou.com,Female,43.87.115.147
676,Rasia,Egdell,regdellir@ucsd.edu,Female,194.242.60.171
677,Alleen,De Matteis,adematteisis@umn.edu,Female,134.168.160.175
678,Bentlee,Bront,bbrontit@answers.com,Male,226.226.25.251
679,Sharia,Kenwell,skenwelliu@histats.com,Female,150.153.204.216
680,Loralee,MacGaughy,lmacgaughyiv@sohu.com,Female,250.217.165.82
681,Kipp,Balfour,kbalfouriw@theglobeandmail.com,Male,56.161.30.39
682,Martyn,Antoniat,mantoniatix@walmart.com,Male,76.48.156.73
683,Mirabel,Hawson,mhawsoniy@webeden.co.uk,Female,23.134.189.161
684,Leslie,Kisbee,lkisbeeiz@cocolog-nifty.com,Male,53.1.32.118
685,Harley,Flitcroft,hflitcroftj0@purevolume.com,Female,164.152.6.180
686,Byram,Semor,bsemorj1@thetimes.co.uk,Male,53.153.156.125
687,Zebulen,Fancutt,zfancuttj2@nytimes.com,Male,201.44.111.7
688,Any,Vigors,avigorsj3@deviantart.com,Male,244.74.139.17
689,Coleen,Fend,cfendj4@census.gov,Female,123.40.58.232
690,Morena,Pinckard,mpinckardj5@w3.org,Female,62.246.207.136
691,Jasmine,Jeroch,jjerochj6@google.com.hk,Female,157.135.224.17
692,Vinny,Nussgen,vnussgenj7@paginegialle.it,Female,190.93.163.162
693,Charla,Maypother,cmaypotherj8@mayoclinic.com,Female,143.154.39.27
694,Delmore,Paunsford,dpaunsfordj9@mit.edu,Male,6.103.226.87
695,Scott,Sirey,ssireyja@wordpress.org,Male,22.91.151.101
696,Lesly,Shoute,lshoutejb@desdev.cn,Female,84.128.102.99
697,Arnold,Barritt,abarrittjc@godaddy.com,Male,38.12.232.78
698,Wilma,Dowears,wdowearsjd@webnode.com,Female,101.218.245.217
699,Odie,Fairholme,ofairholmeje@house.gov,Male,151.20.91.180
700,Ruth,Craxford,rcraxfordjf@histats.com,Female,232.87.125.179
701,Jareb,Spriddle,jspriddlejg@aboutads.info,Male,80.83.118.80
702,Opalina,Wyeth,owyethjh@tiny.cc,Female,160.161.145.151
703,Jolie,Snodin,jsnodinji@unc.edu,Female,230.182.247.201
704,Dacie,Baldin,dbaldinjj@linkedin.com,Female,87.132.176.140
705,Samuele,Woolliams,swoolliamsjk@soup.io,Male,1.18.176.108
706,Cullie,Storcke,cstorckejl@wikimedia.org,Male,81.255.121.247
707,Romain,McGuffie,rmcguffiejm@economist.com,Male,176.248.239.122
708,Axe,Altham,aalthamjn@vimeo.com,Male,139.30.215.234
709,Sky,Cleever,scleeverjo@adobe.com,Male,166.24.32.233
710,Ichabod,Stanbra,istanbrajp@rediff.com,Male,93.152.98.16
711,Maible,Sawnwy,msawnwyjq@sakura.ne.jp,Female,221.161.91.97
712,Cortney,Eliasson,celiassonjr@forbes.com,Female,120.90.166.216
713,Traci,Putton,tputtonjs@t-online.de,Female,77.183.199.70
714,Kennith,Roslen,kroslenjt@miibeian.gov.cn,Male,120.94.231.35
715,Ogden,Hughlock,ohughlockju@histats.com,Male,240.183.48.38
716,Benoite,Blaby,bblabyjv@last.fm,Female,150.115.5.194
717,Tyrus,Whall,twhalljw@dailymotion.com,Male,136.102.82.56
718,Alessandro,Mabon,amabonjx@cocolog-nifty.com,Male,169.122.127.153
719,Kyla,Charon,kcharonjy@go.com,Female,87.72.227.51
720,Marnia,Minci,mmincijz@shinystat.com,Female,58.226.212.189
721,Inger,Vasilyev,ivasilyevk0@imgur.com,Male,171.20.174.245
722,Sissie,Beames,sbeamesk1@mozilla.com,Female,131.252.237.253
723,Remus,Liver,rliverk2@opera.com,Male,244.90.86.150
724,Raine,Prayer,rprayerk3@surveymonkey.com,Female,47.239.55.244
725,Eldridge,Droogan,edroogank4@apache.org,Male,0.109.12.248
726,Belita,Halvorsen,bhalvorsenk5@ow.ly,Female,43.112.179.179
727,Arda,Sivorn,asivornk6@google.ca,Female,62.124.73.180
728,Conrado,Mulryan,cmulryank7@alibaba.com,Male,235.50.56.87
729,Winifield,Sams,wsamsk8@jigsy.com,Male,19.236.160.92
730,Barri,O' Quirk,boquirkk9@wix.com,Male,26.253.148.234
731,Jessica,Sorensen,jsorensenka@scientificamerican.com,Female,46.132.77.218
732,Edithe,Fogarty,efogartykb@buzzfeed.com,Female,194.92.2.227
733,Paule,Lamb-shine,plambshinekc@google.fr,Female,56.80.227.204
734,Yovonnda,Schettini,yschettinikd@weibo.com,Female,253.6.113.100
735,Gustave,MacSporran,gmacsporranke@com.com,Male,253.91.12.31
736,Iosep,Gosson,igossonkf@google.com,Male,101.191.95.70
737,Edwina,Julien,ejulienkg@hao123.com,Female,79.29.61.145
738,Jeffie,Drinkale,jdrinkalekh@yandex.ru,Male,88.135.230.113
739,Minnaminnie,Wehden,mwehdenki@washingtonpost.com,Female,100.68.252.207
740,Arni,Lurcock,alurcockkj@upenn.edu,Male,69.232.185.111
741,Vail,Harrhy,vharrhykk@netscape.com,Male,144.222.222.153
742,Claudius,Kees,ckeeskl@chronoengine.com,Male,199.174.32.136
743,Halimeda,Goody,hgoodykm@sun.com,Female,65.195.245.18
744,Kenon,Brettor,kbrettorkn@washington.edu,Male,199.117.197.115
745,Adriane,Gillions,agillionsko@geocities.jp,Female,153.78.173.44
746,Tiffy,Renner,trennerkp@unc.edu,Female,85.228.235.215
747,Jamey,Rogliero,jroglierokq@sphinn.com,Male,136.142.250.119
748,Waverly,Jennions,wjennionskr@usda.gov,Male,229.168.4.103
749,Chrissy,McAlpin,cmcalpinks@pagesperso-orange.fr,Female,111.242.228.51
750,Darline,Behan,dbehankt@addthis.com,Female,26.112.163.141
751,Willard,Dable,wdableku@umn.edu,Male,151.1.29.144
752,Marcia,Edgeller,medgellerkv@earthlink.net,Female,192.5.154.127
753,Celinka,Skally,cskallykw@instagram.com,Female,137.74.0.17
754,Retha,Bradforth,rbradforthkx@mail.ru,Female,112.21.37.56
755,Philbert,O' Borne,poborneky@smugmug.com,Male,14.114.87.52
756,Anissa,Epps,aeppskz@who.int,Female,30.92.109.53
757,Beau,Placidi,bplacidil0@washington.edu,Male,8.210.57.116
758,Ora,Benedettini,obenedettinil1@flickr.com,Female,55.100.37.59
759,Charlene,Beaconsall,cbeaconsalll2@oaic.gov.au,Female,224.164.54.69
760,Aguste,Inman,ainmanl3@sciencedirect.com,Male,219.147.60.191
761,Reggy,Dudenie,rdudeniel4@alexa.com,Male,132.207.227.194
762,Tate,Baythorp,tbaythorpl5@oracle.com,Male,100.189.168.58
763,Hinda,Skillett,hskillettl6@over-blog.com,Female,92.232.94.212
764,Olav,Kohrt,okohrtl7@lycos.com,Male,200.87.235.67
765,Tomkin,Hof,thofl8@abc.net.au,Male,241.234.197.44
766,Isabelle,Barajaz,ibarajazl9@gmpg.org,Female,227.129.220.108
767,Rafael,Kalinsky,rkalinskyla@mtv.com,Male,23.62.24.39
768,Matilde,Smythe,msmythelb@bigcartel.com,Female,100.8.108.243
769,Angela,Covil,acovillc@comsenz.com,Female,95.227.38.205
770,Malissia,Jopson,mjopsonld@huffingtonpost.com,Female,152.161.95.162
771,Miquela,Benbrick,mbenbrickle@comcast.net,Female,104.167.151.188
772,Talbot,Le Gallo,tlegallolf@shop-pro.jp,Male,10.161.144.158
773,Kalie,Nanelli,knanellilg@earthlink.net,Female,36.196.202.239
774,Polly,Gooms,pgoomslh@pcworld.com,Female,217.52.176.75
775,Brucie,Cholmondeley,bcholmondeleyli@sbwire.com,Male,243.251.41.119
776,Maxim,Brisson,mbrissonlj@wikia.com,Male,188.160.187.247
777,Lyon,Bindley,lbindleylk@thetimes.co.uk,Male,227.137.121.59
778,Warden,Casbolt,wcasboltll@php.net,Male,147.151.96.248
779,Lannie,Hexham,lhexhamlm@twitter.com,Male,50.21.108.94
780,Donny,Tattersfield,dtattersfieldln@bigcartel.com,Male,72.98.224.195
781,Lucina,Croom,lcroomlo@bing.com,Female,133.65.190.228
782,Putnem,Mourge,pmourgelp@reverbnation.com,Male,59.46.247.187
783,Tore,Copcott,tcopcottlq@biglobe.ne.jp,Male,26.254.15.214
784,Vassili,Gorstidge,vgorstidgelr@pbs.org,Male,228.224.129.107
785,Margie,Sheringham,msheringhamls@thetimes.co.uk,Female,49.152.139.94
786,Ephrayim,Mellodey,emellodeylt@accuweather.com,Male,203.6.3.134
787,Saxe,Cromar,scromarlu@usda.gov,Male,44.97.146.42
788,Morley,Balharrie,mbalharrielv@ted.com,Male,202.140.51.17
789,Mendel,Armitage,marmitagelw@geocities.jp,Male,135.66.112.125
790,Harper,Incogna,hincognalx@mac.com,Male,198.252.177.160
791,Care,Vidyapin,cvidyapinly@who.int,Male,211.148.7.241
792,Lester,Streat,lstreatlz@mit.edu,Male,183.179.199.20
793,Chrystal,Knowlden,cknowldenm0@linkedin.com,Female,36.37.138.197
794,Ashil,Grey,agreym1@bbc.co.uk,Female,35.60.172.18
795,Salomo,Britch,sbritchm2@hugedomains.com,Male,111.206.192.193
796,Gan,Dennison,gdennisonm3@weather.com,Male,252.194.153.66
797,Raphael,Gookey,rgookeym4@state.tx.us,Male,111.128.107.211
798,Marline,Crutchley,mcrutchleym5@skyrock.com,Female,70.246.4.158
799,Hilliary,Nosworthy,hnosworthym6@vkontakte.ru,Female,165.169.186.238
800,Wash,Gallop,wgallopm7@google.ru,Male,181.140.195.9
801,Keelby,MacKeogh,kmackeoghm8@wp.com,Male,12.121.252.182
802,Zabrina,Cressey,zcresseym9@sciencedirect.com,Female,119.53.95.91
803,Curtis,Maulden,cmauldenma@sfgate.com,Male,88.206.150.52
804,Rogerio,Slark,rslarkmb@redcross.org,Male,231.179.64.143
805,Galven,Cossington,gcossingtonmc@howstuffworks.com,Male,173.35.225.217
806,Vivi,Lempel,vlempelmd@goo.ne.jp,Female,69.103.218.31
807,Cornela,Mation,cmationme@rakuten.co.jp,Female,96.29.9.37
808,Christy,Bedberry,cbedberrymf@wsj.com,Male,33.31.20.164
809,Latia,Ambroisin,lambroisinmg@boston.com,Female,240.139.139.235
810,Lissy,O'Hederscoll,lohederscollmh@xinhuanet.com,Female,162.188.68.217
811,Eyde,Duckerin,educkerinmi@biblegateway.com,Female,223.32.179.52
812,Carver,Broseman,cbrosemanmj@squidoo.com,Male,26.205.121.120
813,Myranda,Grealish,mgrealishmk@over-blog.com,Female,129.93.233.129
814,Thomasina,Lobb,tlobbml@washington.edu,Female,159.45.58.210
815,Karl,MacMenemy,kmacmenemymm@ftc.gov,Male,92.21.138.146
816,Mickie,Poznan,mpoznanmn@list-manage.com,Female,189.50.5.44
817,Zack,Maypes,zmaypesmo@xrea.com,Male,89.228.33.164
818,Elia,Rosbotham,erosbothammp@hud.gov,Male,79.37.5.215
819,Cacilie,O'Gormally,cogormallymq@independent.co.uk,Female,51.67.237.254
820,Abbie,Lanchbury,alanchburymr@networksolutions.com,Female,41.161.241.218
821,Evita,McKniely,emcknielyms@skyrock.com,Female,69.105.143.121
822,Cathie,Doorey,cdooreymt@shinystat.com,Female,193.7.225.31
823,Christos,Blamey,cblameymu@liveinternet.ru,Male,174.65.222.246
824,Leontyne,Rzehor,lrzehormv@cdc.gov,Female,160.144.162.209
825,Keven,Kleint,kkleintmw@google.de,Male,17.238.90.112
826,Nada,Donnell,ndonnellmx@discovery.com,Female,198.109.62.154
827,Faustina,Tumility,ftumilitymy@cyberchimps.com,Female,107.47.54.176
828,Pietrek,Bullan,pbullanmz@constantcontact.com,Male,133.29.168.57
829,Willie,Molfino,wmolfinon0@ftc.gov,Female,194.19.172.177
830,Danila,Nazair,dnazairn1@engadget.com,Female,250.50.247.211
831,Eddy,Almond,ealmondn2@yale.edu,Male,114.123.163.159
832,Stephine,Godsmark,sgodsmarkn3@51.la,Female,56.193.70.14
833,Rodge,Greeve,rgreeven4@xing.com,Male,99.138.162.76
834,Any,Acreman,aacremann5@mozilla.com,Male,240.199.247.226
835,Goddart,Vernon,gvernonn6@omniture.com,Male,244.146.22.40
836,Alford,O'Shevlin,aoshevlinn7@aol.com,Male,147.210.108.159
837,Salvatore,Syres,ssyresn8@ow.ly,Male,222.20.78.252
838,Armin,Sarfati,asarfatin9@kickstarter.com,Male,139.206.96.157
839,Amble,Swainger,aswaingerna@bloglines.com,Male,2.115.131.216
840,Verney,Mulrenan,vmulrenannb@fotki.com,Male,161.107.209.204
841,Fulvia,Parnall,fparnallnc@weather.com,Female,82.240.113.195
842,Ariel,Govinlock,agovinlocknd@irs.gov,Male,148.217.19.209
843,Care,Lamlin,clamlinne@reddit.com,Male,72.23.107.32
844,Izzy,Bunny,ibunnynf@google.cn,Male,235.71.70.167
845,Umeko,Gwyneth,ugwynethng@instagram.com,Female,20.250.166.130
846,Caryl,Linton,clintonnh@delicious.com,Male,155.136.36.170
847,Steffen,Roderigo,sroderigoni@webmd.com,Male,16.131.168.90
848,Damon,Hens,dhensnj@linkedin.com,Male,68.61.118.239
849,Clarinda,Stirland,cstirlandnk@plala.or.jp,Female,75.235.21.93
850,Prentiss,Boarer,pboarernl@uiuc.edu,Male,55.183.138.130
851,Pippo,Durdy,pdurdynm@behance.net,Male,195.177.137.161
852,Shepherd,Darton,sdartonnn@is.gd,Male,145.18.63.241
853,May,Keohane,mkeohaneno@merriam-webster.com,Female,46.56.39.202
854,Hugibert,Balaisot,hbalaisotnp@msu.edu,Male,174.182.211.179
855,Luciano,McIvor,lmcivornq@multiply.com,Male,105.192.3.227
856,Gabriela,Burnes,gburnesnr@telegraph.co.uk,Female,137.251.255.148
857,Allard,De Moreno,ademorenons@liveinternet.ru,Male,128.104.32.25
858,Melly,Cordner,mcordnernt@marriott.com,Female,156.234.65.53
859,Garnet,Drowsfield,gdrowsfieldnu@wunderground.com,Female,44.168.162.144
860,Lotta,Lerer,llerernv@nasa.gov,Female,124.201.124.149
861,Yul,Thompstone,ythompstonenw@nih.gov,Male,179.46.170.51
862,Karlen,Swalteridge,kswalteridgenx@soundcloud.com,Female,216.90.132.61
863,Garey,Snoden,gsnodenny@gnu.org,Male,236.253.212.187
864,Dedra,Dumberrill,ddumberrillnz@aol.com,Female,110.147.209.89
865,Ruby,Tregidgo,rtregidgoo0@businesswire.com,Male,243.186.75.137
866,Micheal,Moston,mmostono1@nytimes.com,Male,170.94.167.25
867,Trefor,Hukin,thukino2@studiopress.com,Male,252.35.95.33
868,Gilberte,Checkley,gcheckleyo3@weather.com,Female,237.197.55.79
869,Christoph,Chalcraft,cchalcrafto4@unesco.org,Male,107.205.52.219
870,Gilli,Wharrier,gwharriero5@npr.org,Female,162.242.110.100
871,Olympia,Anespie,oanespieo6@g.co,Female,175.27.54.243
872,Waylen,Oddie,woddieo7@list-manage.com,Male,164.252.93.99
873,Cordy,Hawksby,chawksbyo8@upenn.edu,Male,51.191.195.217
874,Cthrine,Micklem,cmicklemo9@theatlantic.com,Female,8.138.251.230
875,Morgen,Paunsford,mpaunsfordoa@guardian.co.uk,Female,150.254.86.35
876,Ruthi,MacPeake,rmacpeakeob@businessweek.com,Female,132.135.178.130
877,Eugen,Basey,ebaseyoc@com.com,Male,73.226.192.13
878,Benedetta,Duignan,bduignanod@surveymonkey.com,Female,127.192.85.152
879,Ivar,Denison,idenisonoe@webnode.com,Male,48.30.235.12
880,Glynn,Andrzej,gandrzejof@simplemachines.org,Male,146.98.120.154
881,Frasco,Bottell,fbottellog@oracle.com,Male,241.220.117.31
882,Cesaro,Gwynn,cgwynnoh@hud.gov,Male,199.81.20.7
883,Marmaduke,Havercroft,mhavercroftoi@storify.com,Male,189.250.60.35
884,Joell,Petroulis,jpetroulisoj@sohu.com,Female,132.110.188.166
885,Natal,Dwane,ndwaneok@facebook.com,Male,228.73.72.109
886,Consuela,Edwardson,cedwardsonol@noaa.gov,Female,71.64.211.39
887,Malchy,Kohnen,mkohnenom@bigcartel.com,Male,12.141.226.32
888,Alene,Yitzhok,ayitzhokon@vk.com,Female,135.251.167.219
889,Greggory,Lackemann,glackemannoo@shareasale.com,Male,243.145.237.222
890,Bambi,Elldred,belldredop@mozilla.com,Female,84.31.186.64
891,Deanne,Cabena,dcabenaoq@ftc.gov,Female,139.63.195.120
892,Pierce,Chateau,pchateauor@mtv.com,Male,220.104.113.36
893,Thurstan,Lorans,tloransos@shinystat.com,Male,181.173.47.43
894,Albrecht,Teresia,ateresiaot@bloglines.com,Male,67.50.223.236
895,Osborne,Bierton,obiertonou@howstuffworks.com,Male,148.63.198.20
896,Charyl,Monier,cmonierov@harvard.edu,Female,0.201.81.105
897,Rosie,Kilmary,rkilmaryow@deliciousdays.com,Female,28.14.70.223
898,Vale,Marton,vmartonox@topsy.com,Male,160.177.200.79
899,Harrison,Croall,hcroalloy@eepurl.com,Male,11.106.113.226
900,Salmon,Jerg,sjergoz@nationalgeographic.com,Male,102.62.151.82
901,Barbee,Schiementz,bschiementzp0@redcross.org,Female,17.44.199.28
902,Rosie,Coldrick,rcoldrickp1@time.com,Female,154.160.185.186
903,Urban,Cowles,ucowlesp2@simplemachines.org,Male,255.110.30.183
904,Shell,Balma,sbalmap3@wix.com,Male,140.133.188.251
905,Clarke,Shiell,cshiellp4@sphinn.com,Male,165.89.188.184
906,Roderich,Fick,rfickp5@paginegialle.it,Male,135.83.225.4
907,Dareen,McNab,dmcnabp6@theatlantic.com,Female,53.100.123.27
908,Hermine,Godby,hgodbyp7@prlog.org,Female,51.160.224.164
909,Portia,Peek,ppeekp8@mysql.com,Female,231.113.197.12
910,Dex,Winkless,dwinklessp9@ucoz.ru,Male,37.14.140.68
911,Karia,Goodhew,kgoodhewpa@networkadvertising.org,Female,84.252.110.221
912,Faythe,Blackly,fblacklypb@umn.edu,Female,195.208.180.184
913,Edward,Carwithan,ecarwithanpc@aol.com,Male,195.181.197.34
914,Tripp,Hallibone,thallibonepd@aol.com,Male,169.96.56.66
915,Stavros,Showt,sshowtpe@tinyurl.com,Male,217.189.118.203
916,Cassie,Anglin,canglinpf@cisco.com,Female,240.115.109.125
917,Vitoria,Filppetti,vfilppettipg@1und1.de,Female,47.40.115.138
918,Marney,Joseph,mjosephph@xing.com,Female,2.160.128.93
919,Madelyn,Isaak,misaakpi@merriam-webster.com,Female,70.207.19.86
920,Micky,Tander,mtanderpj@ocn.ne.jp,Male,90.34.10.21
921,Des,Kibbee,dkibbeepk@freewebs.com,Male,91.15.166.27
922,Leonora,Scarasbrick,lscarasbrickpl@list-manage.com,Female,45.110.124.173
923,Arv,Cancellario,acancellariopm@adobe.com,Male,55.82.157.212
924,Tremaine,Sotheby,tsothebypn@edublogs.org,Male,186.44.213.242
925,Hilliard,Silwood,hsilwoodpo@forbes.com,Male,213.21.73.103
926,Carine,Mousdall,cmousdallpp@tripadvisor.com,Female,152.189.198.209
927,Seumas,Watkiss,swatkisspq@w3.org,Male,110.249.145.71
928,Abie,Averall,aaverallpr@bandcamp.com,Male,197.75.164.77
929,Loy,Elsom,lelsomps@reddit.com,Male,99.6.240.27
930,Myrtice,Borrill,mborrillpt@sfgate.com,Female,39.188.61.23
931,Carmella,Stanfield,cstanfieldpu@miitbeian.gov.cn,Female,149.41.202.209
932,Harlen,Birch,hbirchpv@ebay.com,Male,240.162.101.182
933,Melli,Jewel,mjewelpw@technorati.com,Female,98.198.77.255
934,Carmel,Janeczek,cjaneczekpx@ameblo.jp,Female,207.253.127.133
935,Garwood,Towne,gtownepy@biglobe.ne.jp,Male,249.44.72.6
936,Cobby,Eyes,ceyespz@sogou.com,Male,44.85.116.45
937,Harv,MacDunlevy,hmacdunlevyq0@reddit.com,Male,52.142.172.209
938,Faydra,Turnpenny,fturnpennyq1@multiply.com,Female,38.207.159.250
939,Ariel,Ramage,aramageq2@scientificamerican.com,Male,173.61.188.215
940,Con,Lindblad,clindbladq3@google.com.au,Female,254.172.100.213
941,Alastair,Flaxman,aflaxmanq4@fda.gov,Male,242.197.249.191
942,Nickey,Adamiak,nadamiakq5@ifeng.com,Male,182.2.155.139
943,Kiley,Charge,kchargeq6@tamu.edu,Female,251.76.184.130
944,Sena,FitzAlan,sfitzalanq7@nature.com,Female,128.204.201.196
945,Ase,Brose,abroseq8@icio.us,Male,144.144.126.153
946,Cathee,Lohering,cloheringq9@army.mil,Female,141.94.67.76
947,Wallis,Bilbey,wbilbeyqa@businesswire.com,Male,71.216.100.31
948,Madelin,Harty,mhartyqb@state.gov,Female,133.176.124.67
949,Evan,Tumility,etumilityqc@symantec.com,Male,200.84.129.148
950,Shane,Lippini,slippiniqd@cnn.com,Female,50.213.233.200
951,Graham,MacCombe,gmaccombeqe@google.co.uk,Male,55.182.114.145
952,Kerwinn,Boulding,kbouldingqf@accuweather.com,Male,185.2.235.187
953,Josee,Sponer,jsponerqg@sogou.com,Female,99.93.142.203
954,Rob,Lapenna,rlapennaqh@imgur.com,Male,0.168.19.45
955,Carolee,Shippey,cshippeyqi@amazon.de,Female,28.114.132.112
956,Uriah,Poznan,upoznanqj@printfriendly.com,Male,54.48.37.198
957,Pet,Barriball,pbarriballqk@google.ru,Female,142.75.170.60
958,Mitchell,Assender,massenderql@icq.com,Male,67.67.128.210
959,Merell,Yelyashev,myelyashevqm@imgur.com,Male,29.93.234.231
960,Elberta,Spitell,espitellqn@deliciousdays.com,Female,81.24.185.94
961,Helli,Ogdahl,hogdahlqo@shinystat.com,Female,121.54.192.6
962,Jacquie,Mepham,jmephamqp@oakley.com,Female,69.171.161.60
963,Thebault,Bryett,tbryettqq@guardian.co.uk,Male,176.108.14.68
964,Emilee,Cunningham,ecunninghamqr@jimdo.com,Female,248.208.116.139
965,Nanete,Hanlon,nhanlonqs@aboutads.info,Female,72.177.179.227
966,Sydel,Maillard,smaillardqt@alibaba.com,Female,214.129.230.160
967,Mair,Beckford,mbeckfordqu@naver.com,Female,241.220.251.108
968,Bordie,Gethen,bgethenqv@google.co.jp,Male,19.65.204.113
969,Tate,Chattock,tchattockqw@bloglines.com,Female,85.23.253.43
970,Dolores,Rosenwald,drosenwaldqx@github.com,Female,44.227.49.41
971,Morissa,Dunham,mdunhamqy@163.com,Female,164.71.5.144
972,Merrily,Banister,mbanisterqz@amazonaws.com,Female,43.237.60.56
973,Finn,Barbrook,fbarbrookr0@sohu.com,Male,14.4.52.54
974,Katrina,Smout,ksmoutr1@salon.com,Female,66.128.236.205
975,Alanah,Showers,ashowersr2@google.fr,Female,44.6.134.246
976,Alix,Turvey,aturveyr3@reverbnation.com,Female,158.236.99.151
977,Gav,Whipple,gwhippler4@delicious.com,Male,140.72.40.16
978,Claudette,Bradd,cbraddr5@go.com,Female,81.85.49.107
979,Karin,Sherebrooke,ksherebrooker6@amazon.com,Female,25.64.124.5
980,Kerstin,Brisson,kbrissonr7@narod.ru,Female,225.180.163.142
981,Randal,Adney,radneyr8@jimdo.com,Male,92.161.121.107
982,Rudiger,Battleson,rbattlesonr9@guardian.co.uk,Male,194.198.168.82
983,Gallard,Skurray,gskurrayra@fastcompany.com,Male,58.108.174.65
984,Lay,Tapton,ltaptonrb@biglobe.ne.jp,Male,183.190.79.4
985,Aurore,Measey,ameaseyrc@aboutads.info,Female,96.186.202.154
986,Winnie,MacKee,wmackeerd@g.co,Female,94.21.135.21
987,Esme,Fernie,eferniere@umn.edu,Male,153.31.139.190
988,Garik,Padfield,gpadfieldrf@google.com.au,Male,78.120.173.150
989,Sheila,Jaques,sjaquesrg@youtube.com,Female,124.140.16.24
990,Jareb,Cahey,jcaheyrh@economist.com,Male,243.199.86.90
991,Uta,Renshall,urenshallri@w3.org,Female,126.104.110.14
992,Milt,Surgen,msurgenrj@twitter.com,Male,23.106.163.157
993,Chrissy,Molan,cmolanrk@mapquest.com,Male,208.235.15.47
994,Sabine,Freckingham,sfreckinghamrl@rediff.com,Female,74.122.182.25
995,Jammal,Bingham,jbinghamrm@tamu.edu,Male,50.45.66.166
996,Shandra,Smedmoor,ssmedmoorrn@weibo.com,Female,151.94.101.19
997,Augy,Kirmond,akirmondro@cbsnews.com,Male,153.134.209.137
998,Dedra,Brikner,dbriknerrp@webnode.com,Female,130.36.100.97
999,Ricki,Elce,relcerq@mozilla.org,Male,11.234.106.67
1000,Guendolen,Carnow,gcarnowrr@friendfeed.com,Female,149.106.104.38
